ISO Country Code,ISO Country Name,EXIOBASE Region Name
AD,Andorra,France
AE,United Arab Emirates,RoW Middle East
AF,Afghanistan,RoW Asia-Pacific
AG,Antigua and Barbuda,RoW Americas
AI,Anguilla,RoW Americas
AL,Albania,RoW Europe
AM,Armenia,RoW Asia-Pacific
AO,Angola,RoW Africa
AQ,Antarctica,RoW Asia-Pacific
AR,Argentina,RoW Americas
AS,American Samoa,RoW Asia-Pacific
AT,Austria,Austria
AU,Australia,Australia
AW,Aruba,RoW Americas
AX,Aland Islands,RoW Europe
AZ,Azerbaijan,RoW Asia-Pacific
BA,Bosnia and Herzegovina,RoW Europe
BB,Barbados,RoW Americas
BD,Bangladesh,RoW Asia-Pacific
BE,Belgium,Belgium
BF,Burkina Faso,RoW Africa
BG,Bulgaria,Bulgaria
BH,Bahrain,RoW Middle East
BI,Burundi,RoW Africa
BJ,Benin,RoW Africa
BL,Saint Barthelemy,RoW Americas
BM,Bermuda,RoW Americas
BN,Brunei,RoW Asia-Pacific
BO,Bolivia,RoW Americas
BQ,"Bonaire, Saint Eustatius and Saba",RoW Americas
BR,Brazil,Brazil
BS,Bahamas,RoW Americas
BT,Bhutan,RoW Asia-Pacific
BV,Bouvet Island,RoW Americas
BW,Botswana,RoW Africa
BY,Belarus,RoW Europe
BZ,Belize,RoW Americas
CA,Canada,Canada
CC,Cocos Islands,RoW Asia-Pacific
CD,Democratic Republic of the Congo,RoW Africa
CF,Central African Republic,RoW Africa
CG,Republic of the Congo,RoW Africa
CH,Switzerland,Switzerland
CI,Ivory Coast,RoW Africa
CK,Cook Islands,RoW Asia-Pacific
CL,Chile,RoW Americas
CM,Cameroon,RoW Africa
CN,China,China
CO,Colombia,RoW Americas
CR,Costa Rica,RoW Americas
CU,Cuba,RoW Americas
CV,Cabo Verde,RoW Africa
CW,Curacao,RoW Americas
CX,Christmas Island,RoW Asia-Pacific
CY,Cyprus,Cyprus
CZ,Czechia,Czech Republic
DE,Germany,Germany
DJ,Djibouti,RoW Africa
DK,Denmark,Denmark
DM,Dominica,RoW Americas
DO,Dominican Republic,RoW Americas
DZ,Algeria,RoW Africa
EC,Ecuador,RoW Americas
EE,Estonia,Estonia
EG,Egypt,RoW Middle East
EH,Western Sahara,RoW Africa
ER,Eritrea,RoW Africa
ES,Spain,Spain
ET,Ethiopia,RoW Africa
FI,Finland,Finland
FJ,Fiji,RoW Asia-Pacific
FK,Falkland Islands,RoW Americas
FM,Micronesia,RoW Asia-Pacific
FO,Faroe Islands,RoW Europe
FR,France,France
GA,Gabon,RoW Africa
GB,United Kingdom,United Kingdom
GD,Grenada,RoW Americas
GE,Georgia,RoW Asia-Pacific
GF,French Guiana,RoW Americas
GG,Guernsey,RoW Europe
GH,Ghana,RoW Africa
GI,Gibraltar,Spain
GL,Greenland,RoW Americas
GM,Gambia,RoW Africa
GN,Guinea,RoW Africa
GP,Guadeloupe,RoW Americas
GQ,Equatorial Guinea,RoW Africa
GR,Greece,Greece
GS,South Georgia and the South Sandwich Islands,RoW Americas
GT,Guatemala,RoW Americas
GU,Guam,RoW Asia-Pacific
GW,Guinea-Bissau,RoW Africa
GY,Guyana,RoW Americas
HK,Hong Kong,China
HM,Heard Island and McDonald Islands,RoW Asia-Pacific
HN,Honduras,RoW Americas
HR,Croatia,Croatia
HT,Haiti,RoW Americas
HU,Hungary,Hungary
ID,Indonesia,Indonesia
IE,Ireland,Ireland
IL,Israel,RoW Middle East
IM,Isle of Man,RoW Europe
IN,India,India
IO,British Indian Ocean Territory,RoW Africa
IQ,Iraq,RoW Middle East
IR,Iran,RoW Middle East
IS,Iceland,RoW Europe
IT,Italy,Italy
JE,Jersey,RoW Europe
JM,Jamaica,RoW Americas
JO,Jordan,RoW Middle East
JP,Japan,Japan
KE,Kenya,RoW Africa
KG,Kyrgyzstan,RoW Asia-Pacific
KH,Cambodia,RoW Asia-Pacific
KI,Kiribati,RoW Asia-Pacific
KM,Comoros,RoW Africa
KN,Saint Kitts and Nevis,RoW Americas
KP,North Korea,RoW Asia-Pacific
KR,South Korea,South Korea
KW,Kuwait,RoW Middle East
KY,Cayman Islands,RoW Americas
KZ,Kazakhstan,RoW Asia-Pacific
LA,Laos,RoW Asia-Pacific
LB,Lebanon,RoW Middle East
LC,Saint Lucia,RoW Americas
LI,Liechtenstein,Switzerland
LK,Sri Lanka,RoW Asia-Pacific
LR,Liberia,RoW Africa
LS,Lesotho,RoW Africa
LT,Lithuania,Lithuania
LU,Luxembourg,Luxembourg
LV,Latvia,Latvia
LY,Libya,RoW Africa
MA,Morocco,RoW Africa
MC,Monaco,France
MD,Moldova,RoW Europe
ME,Montenegro,RoW Europe
MF,Saint Martin,RoW Americas
MG,Madagascar,RoW Africa
MH,Marshall Islands,RoW Asia-Pacific
MK,North Macedonia,RoW Europe
ML,Mali,RoW Africa
MM,Myanmar,RoW Asia-Pacific
MN,Mongolia,RoW Asia-Pacific
MO,Macao,China
MP,Northern Mariana Islands,RoW Asia-Pacific
MQ,Martinique,RoW Americas
MR,Mauritania,RoW Africa
MS,Montserrat,RoW Americas
MT,Malta,Malta
MU,Mauritius,RoW Africa
MV,Maldives,RoW Asia-Pacific
MW,Malawi,RoW Africa
MX,Mexico,Mexico
MY,Malaysia,RoW Asia-Pacific
MZ,Mozambique,RoW Africa
NA,Namibia,RoW Africa
NC,New Caledonia,RoW Asia-Pacific
NE,Niger,RoW Africa
NF,Norfolk Island,RoW Asia-Pacific
NG,Nigeria,RoW Africa
NI,Nicaragua,RoW Americas
NL,Netherlands,Netherlands
NO,Norway,Norway
NP,Nepal,RoW Asia-Pacific
NR,Nauru,RoW Asia-Pacific
NU,Niue,RoW Asia-Pacific
NZ,New Zealand,RoW Asia-Pacific
OM,Oman,RoW Middle East
PA,Panama,RoW Americas
PE,Peru,RoW Americas
PF,French Polynesia,RoW Asia-Pacific
PG,Papua New Guinea,RoW Asia-Pacific
PH,Philippines,RoW Asia-Pacific
PK,Pakistan,RoW Asia-Pacific
PL,Poland,Poland
PM,Saint Pierre and Miquelon,RoW Americas
PN,Pitcairn,RoW Asia-Pacific
PR,Puerto Rico,RoW Americas
PS,Palestinian Territory,RoW Middle East
PT,Portugal,Portugal
PW,Palau,RoW Asia-Pacific
PY,Paraguay,RoW Americas
QA,Qatar,RoW Middle East
RE,Reunion,RoW Africa
RO,Romania,Romania
RS,Serbia,RoW Europe
RU,Russia,Russia
RW,Rwanda,RoW Africa
SA,Saudi Arabia,RoW Middle East
SB,Solomon Islands,RoW Asia-Pacific
SC,Seychelles,RoW Africa
SD,Sudan,RoW Africa
SE,Sweden,Sweden
SG,Singapore,RoW Asia-Pacific
SH,Saint Helena,RoW Africa
SI,Slovenia,Slovenia
SJ,Svalbard and Jan Mayen,RoW Europe
SK,Slovakia,Slovakia
SL,Sierra Leone,RoW Africa
SM,San Marino,Italy
SN,Senegal,RoW Africa
SO,Somalia,RoW Africa
SR,Suriname,RoW Americas
SS,South Sudan,RoW Africa
ST,Sao Tome and Principe,RoW Africa
SV,El Salvador,RoW Americas
SX,Sint Maarten,RoW Americas
SY,Syria,RoW Middle East
SZ,Eswatini,RoW Africa
TC,Turks and Caicos Islands,RoW Americas
TD,Chad,RoW Africa
TF,French Southern Territories,RoW Africa
TG,Togo,RoW Africa
TH,Thailand,RoW Asia-Pacific
TJ,Tajikistan,RoW Asia-Pacific
TK,Tokelau,RoW Asia-Pacific
TL,Timor Leste,RoW Asia-Pacific
TM,Turkmenistan,RoW Asia-Pacific
TN,Tunisia,RoW Africa
TO,Tonga,RoW Asia-Pacific
TR,Turkey,Turkey
TT,Trinidad and Tobago,RoW Americas
TV,Tuvalu,RoW Asia-Pacific
TW,Taiwan,Taiwan
TZ,Tanzania,RoW Africa
UA,Ukraine,RoW Europe
UG,Uganda,RoW Africa
UM,United States Minor Outlying Islands,RoW Asia-Pacific
US,United States,United States of America
UY,Uruguay,RoW Americas
UZ,Uzbekistan,RoW Asia-Pacific
VA,Vatican,Italy
VC,Saint Vincent and the Grenadines,RoW Americas
VE,Venezuela,RoW Americas
VG,British Virgin Islands,RoW Americas
VI,U.S. Virgin Islands,RoW Americas
VN,Vietnam,RoW Asia-Pacific
VU,Vanuatu,RoW Asia-Pacific
WF,Wallis and Futuna,RoW Asia-Pacific
WS,Samoa,RoW Asia-Pacific
YE,Yemen,RoW Middle East
YT,Mayotte,RoW Africa
ZA,South Africa,South Africa
ZM,Zambia,RoW Africa
ZW,Zimbabwe,RoW Africa